{"cameraMode":{"drawMode":0,"name":"Shaded","section":"Shading Mode"},"sceneLighting":true,"audioPlay":false,"sceneViewState":{"showFog":true,"showMaterialUpdate":false,"showSkybox":true,"showFlares":true,"showImageEffects":true,"showParticleSystems":true},"in2DMode":false,"pivot":{"x":-1.0359020233154297,"y":-5.270872116088867,"z":8.103057861328125},"rotation":{"x":-0.20888109505176545,"y":-0.11062830686569214,"z":0.02381402626633644,"w":-0.971393883228302},"size":21.679794311523439,"orthographic":false}