{"cameraMode":{"drawMode":0,"name":"Shaded","section":"Shading Mode"},"sceneLighting":true,"audioPlay":false,"sceneViewState":{"showFog":true,"showMaterialUpdate":false,"showSkybox":true,"showFlares":true,"showImageEffects":true,"showParticleSystems":true},"in2DMode":false,"pivot":{"x":-89.70081329345703,"y":-30.737770080566408,"z":-41.078651428222659},"rotation":{"x":-0.08674255758523941,"y":0.8296512365341187,"z":-0.13459962606430055,"w":-0.534957230091095},"size":112.7209243774414,"orthographic":false}